<?xml version="1.0" encoding="utf-8"?>
<list>
  <com.teamkang.fauxclock.manager.DeviceSupport>
    <betaDownloadURL>http://faux.androidro.ms/FIND5/beta/</betaDownloadURL>
    <changeLogName>changelog.txt</changeLogName>
    <deviceID>FIND5</deviceID>
    <donationURL>http://goo.gl/m9EUw0</donationURL>
    <stableDownloadJB43>http://faux.androidro.ms/FIND5/jb43/</stableDownloadJB43>
    <primarySupportForumURL>http://www.oppoforums.com/threads/kernel-find5-jb4-1-x-stock-ui-uv-sound-hybrid-linux-3-4-may-31.2743/</primarySupportForumURL>
    <secondarySupportForumURL></secondarySupportForumURL>
    <similarDevice1>FIND5</similarDevice1>
    <similarDevice2></similarDevice2>
    <similarDevice3></similarDevice3>
    <similarDevice4></similarDevice4>
    <similarDevice5></similarDevice5>
    <stableDownloadICS>http://faux.androidro.ms/FIND5/ics/</stableDownloadICS>
    <stableDownloadJB41>http://faux.androidro.ms/FIND5/jb41/</stableDownloadJB41>
    <stableDownloadJB42>http://faux.androidro.ms/FIND5/jb42/</stableDownloadJB42>
    <numOfVisibleDownloads>2</numOfVisibleDownloads>
  </com.teamkang.fauxclock.manager.DeviceSupport>
    
  <com.teamkang.fauxclock.manager.DeviceSupport>
    <betaDownloadURL>http://faux.androidro.ms/jflte/beta/</betaDownloadURL>
    <changeLogName>changelog.txt</changeLogName>
    <deviceID>jflte</deviceID>
    <donationURL>http://goo.gl/m9EUw0</donationURL>
    <stableDownloadJB43>http://faux.androidro.ms/jflte/jb43/</stableDownloadJB43>
    <primarySupportForumURL>http://forum.xda-developers.com/showthread.php?t=2273437</primarySupportForumURL>
    <secondarySupportForumURL></secondarySupportForumURL>
    <similarDevice1>jflte</similarDevice1>
    <similarDevice2></similarDevice2>
    <similarDevice3></similarDevice3>
    <similarDevice4></similarDevice4>
    <similarDevice5></similarDevice5>
    <stableDownloadICS>http://faux.androidro.ms/jflte/ics/</stableDownloadICS>
    <stableDownloadJB41>http://faux.androidro.ms/jflte/jb41/</stableDownloadJB41>
    <stableDownloadJB42>http://faux.androidro.ms/jflte/jb42/</stableDownloadJB42>
    <numOfVisibleDownloads>4</numOfVisibleDownloads>
  </com.teamkang.fauxclock.manager.DeviceSupport>
    
  <com.teamkang.fauxclock.manager.DeviceSupport>
    <betaDownloadURL>http://faux.androidro.ms/jfltespr/beta/</betaDownloadURL>
    <changeLogName>changelog.txt</changeLogName>
    <deviceID>jfltespr</deviceID>
    <donationURL>http://goo.gl/m9EUw0</donationURL>
    <stableDownloadJB43>http://faux.androidro.ms/jfltespr/jb43/</stableDownloadJB43>
    <primarySupportForumURL>http://forum.xda-developers.com/showthread.php?t=2273437</primarySupportForumURL>
    <secondarySupportForumURL></secondarySupportForumURL>
    <similarDevice1>jfltespr</similarDevice1>
    <similarDevice2></similarDevice2>
    <similarDevice3></similarDevice3>
    <similarDevice4></similarDevice4>
    <similarDevice5></similarDevice5>
    <stableDownloadICS>http://faux.androidro.ms/jfltespr/ics/</stableDownloadICS>
    <stableDownloadJB41>http://faux.androidro.ms/jfltespr/jb41/</stableDownloadJB41>
    <stableDownloadJB42>http://faux.androidro.ms/jfltespr/jb42/</stableDownloadJB42>
    <numOfVisibleDownloads>4</numOfVisibleDownloads>
  </com.teamkang.fauxclock.manager.DeviceSupport>
    
  <com.teamkang.fauxclock.manager.DeviceSupport>
    <betaDownloadURL>http://faux.androidro.ms/jfltevzw/beta/</betaDownloadURL>
    <changeLogName>changelog.txt</changeLogName>
    <deviceID>jfltevzw</deviceID>
    <donationURL>http://goo.gl/m9EUw0</donationURL>
    <stableDownloadJB43>http://faux.androidro.ms/jfltevzw/jb43/</stableDownloadJB43>
    <primarySupportForumURL>http://forum.xda-developers.com/showthread.php?t=2273437</primarySupportForumURL>
    <secondarySupportForumURL></secondarySupportForumURL>
    <similarDevice1>jfltevzw</similarDevice1>
    <similarDevice2></similarDevice2>
    <similarDevice3></similarDevice3>
    <similarDevice4></similarDevice4>
    <similarDevice5></similarDevice5>
    <stableDownloadICS>http://faux.androidro.ms/jfltevzw/ics/</stableDownloadICS>
    <stableDownloadJB41>http://faux.androidro.ms/jfltevzw/jb41/</stableDownloadJB41>
    <stableDownloadJB42>http://faux.androidro.ms/jfltevzw/jb42/</stableDownloadJB42>
    <numOfVisibleDownloads>4</numOfVisibleDownloads>
  </com.teamkang.fauxclock.manager.DeviceSupport>
    
  <com.teamkang.fauxclock.manager.DeviceSupport>
    <betaDownloadURL>http://faux.androidro.ms/jflteatt/beta/</betaDownloadURL>
    <changeLogName>changelog.txt</changeLogName>
    <deviceID>jflteatt</deviceID>
    <donationURL>http://goo.gl/m9EUw0</donationURL>
    <stableDownloadJB43>http://faux.androidro.ms/jflteatt/jb43/</stableDownloadJB43>
    <primarySupportForumURL>http://forum.xda-developers.com/showthread.php?t=2273437</primarySupportForumURL>
    <secondarySupportForumURL></secondarySupportForumURL>
    <similarDevice1>jflteatt</similarDevice1>
    <similarDevice2>jfltecan</similarDevice2>
    <similarDevice3></similarDevice3>
    <similarDevice4></similarDevice4>
    <similarDevice5></similarDevice5>
    <stableDownloadICS>http://faux.androidro.ms/jflteatt/ics/</stableDownloadICS>
    <stableDownloadJB41>http://faux.androidro.ms/jflteatt/jb41/</stableDownloadJB41>
    <stableDownloadJB42>http://faux.androidro.ms/jflteatt/jb42/</stableDownloadJB42>
    <numOfVisibleDownloads>4</numOfVisibleDownloads>
  </com.teamkang.fauxclock.manager.DeviceSupport>
    
  <com.teamkang.fauxclock.manager.DeviceSupport>
    <betaDownloadURL>http://faux.androidro.ms/jfltetmo/beta/</betaDownloadURL>
    <changeLogName>changelog.txt</changeLogName>
    <deviceID>jfltetmo</deviceID>
    <donationURL>http://goo.gl/m9EUw0</donationURL>
    <stableDownloadJB43>http://faux.androidro.ms/jfltetmo/jb43/</stableDownloadJB43>
    <primarySupportForumURL>http://forum.xda-developers.com/showthread.php?t=2273437</primarySupportForumURL>
    <secondarySupportForumURL></secondarySupportForumURL>
    <similarDevice1>jfltetmo</similarDevice1>
    <similarDevice2></similarDevice2>
    <similarDevice3></similarDevice3>
    <similarDevice4></similarDevice4>
    <similarDevice5></similarDevice5>
    <stableDownloadICS>http://faux.androidro.ms/jfltetmo/ics/</stableDownloadICS>
    <stableDownloadJB41>http://faux.androidro.ms/jfltetmo/jb41/</stableDownloadJB41>
    <stableDownloadJB42>http://faux.androidro.ms/jfltetmo/jb42/</stableDownloadJB42>
    <numOfVisibleDownloads>4</numOfVisibleDownloads>
  </com.teamkang.fauxclock.manager.DeviceSupport>
    
  <com.teamkang.fauxclock.manager.DeviceSupport>
    <betaDownloadURL>http://faux.androidro.ms/m7wls/beta/</betaDownloadURL>
    <changeLogName>changelog.txt</changeLogName>
    <deviceID>m7wls</deviceID>
    <donationURL>http://goo.gl/m9EUw0</donationURL>
    <stableDownloadJB43>http://faux.androidro.ms/m7wls/jb43/</stableDownloadJB43>
    <primarySupportForumURL>http://forum.xda-developers.com/showthread.php?t=2255900</primarySupportForumURL>
    <secondarySupportForumURL></secondarySupportForumURL>
    <similarDevice1>m7wls</similarDevice1>
    <similarDevice2></similarDevice2>
    <similarDevice3></similarDevice3>
    <similarDevice4></similarDevice4>
    <similarDevice5></similarDevice5>
    <stableDownloadICS>http://faux.androidro.ms/m7wls/ics/</stableDownloadICS>
    <stableDownloadJB41>http://faux.androidro.ms/m7wls/jb41/</stableDownloadJB41>
    <stableDownloadJB42>http://faux.androidro.ms/m7wls/jb42/</stableDownloadJB42>
    <numOfVisibleDownloads>2</numOfVisibleDownloads>
  </com.teamkang.fauxclock.manager.DeviceSupport>
    
  <com.teamkang.fauxclock.manager.DeviceSupport>
    <betaDownloadURL>http://faux.androidro.ms/m7/beta/</betaDownloadURL>
    <changeLogName>changelog.txt</changeLogName>
    <deviceID>m7</deviceID>
    <donationURL>http://goo.gl/m9EUw0</donationURL>
    <stableDownloadJB43>http://faux.androidro.ms/m7/jb43/</stableDownloadJB43>
    <primarySupportForumURL>http://forum.xda-developers.com/showthread.php?t=2255900</primarySupportForumURL>
    <secondarySupportForumURL></secondarySupportForumURL>
    <similarDevice1>m7</similarDevice1>
    <similarDevice2></similarDevice2>
    <similarDevice3></similarDevice3>
    <similarDevice4></similarDevice4>
    <similarDevice5></similarDevice5>
    <stableDownloadICS>http://faux.androidro.ms/m7/ics/</stableDownloadICS>
    <stableDownloadJB41>http://faux.androidro.ms/m7/jb41/</stableDownloadJB41>
    <stableDownloadJB42>http://faux.androidro.ms/m7/jb42/</stableDownloadJB42>
    <numOfVisibleDownloads>2</numOfVisibleDownloads>
  </com.teamkang.fauxclock.manager.DeviceSupport>

  <com.teamkang.fauxclock.manager.DeviceSupport>
    <betaDownloadURL>http://faux.androidro.ms/t0lteatt/beta/</betaDownloadURL>
    <changeLogName>changelog.txt</changeLogName>
    <deviceID>t0lteatt</deviceID>
    <donationURL>http://goo.gl/m9EUw0</donationURL>
    <stableDownloadJB43>http://faux.androidro.ms/t0lteatt/jb43/</stableDownloadJB43>
    <primarySupportForumURL>http://droid-hive.com/index.php?/topic/1956-galaxy-note-2-tmoattvzw-touchwiz-kernel-001-may-27/</primarySupportForumURL>
    <secondarySupportForumURL></secondarySupportForumURL>
    <similarDevice1>t0lteatt</similarDevice1>
    <similarDevice2></similarDevice2>
    <similarDevice3></similarDevice3>
    <similarDevice4></similarDevice4>
    <similarDevice5></similarDevice5>
    <stableDownloadICS>http://faux.androidro.ms/t0lteatt/ics/</stableDownloadICS>
    <stableDownloadJB41>http://faux.androidro.ms/t0lteatt/jb41/</stableDownloadJB41>
    <stableDownloadJB42>http://faux.androidro.ms/t0lteatt/jb42/</stableDownloadJB42>
    <numOfVisibleDownloads>2</numOfVisibleDownloads>
  </com.teamkang.fauxclock.manager.DeviceSupport>
    
  <com.teamkang.fauxclock.manager.DeviceSupport>
    <betaDownloadURL>http://faux.androidro.ms/t0ltevzw/beta/</betaDownloadURL>
    <changeLogName>changelog.txt</changeLogName>
    <deviceID>t0ltevzw</deviceID>
    <donationURL>http://goo.gl/m9EUw0</donationURL>
    <stableDownloadJB43>http://faux.androidro.ms/t0ltevzw/jb43/</stableDownloadJB43>
    <primarySupportForumURL>http://droid-hive.com/index.php?/topic/1956-galaxy-note-2-tmoattvzw-touchwiz-kernel-001-may-27/</primarySupportForumURL>
    <secondarySupportForumURL></secondarySupportForumURL>
    <similarDevice1>t0ltevzw</similarDevice1>
    <similarDevice2></similarDevice2>
    <similarDevice3></similarDevice3>
    <similarDevice4></similarDevice4>
    <similarDevice5></similarDevice5>
    <stableDownloadICS>http://faux.androidro.ms/t0ltevzw/ics/</stableDownloadICS>
    <stableDownloadJB41>http://faux.androidro.ms/t0ltevzw/jb41/</stableDownloadJB41>
    <stableDownloadJB42>http://faux.androidro.ms/t0ltevzw/jb42/</stableDownloadJB42>
    <numOfVisibleDownloads>2</numOfVisibleDownloads>
  </com.teamkang.fauxclock.manager.DeviceSupport>
    
  <com.teamkang.fauxclock.manager.DeviceSupport>
    <betaDownloadURL>http://faux.androidro.ms/t0ltetmo/beta/</betaDownloadURL>
    <changeLogName>changelog.txt</changeLogName>
    <deviceID>t0ltetmo</deviceID>
    <donationURL>http://goo.gl/m9EUw0</donationURL>
    <stableDownloadJB43>http://faux.androidro.ms/t0ltetmo/jb43/</stableDownloadJB43>
    <primarySupportForumURL>http://droid-hive.com/index.php?/topic/1956-galaxy-note-2-tmoattvzw-touchwiz-kernel-001-may-27/</primarySupportForumURL>
    <secondarySupportForumURL></secondarySupportForumURL>
    <similarDevice1>t0ltetmo</similarDevice1>
    <similarDevice2></similarDevice2>
    <similarDevice3></similarDevice3>
    <similarDevice4></similarDevice4>
    <similarDevice5></similarDevice5>
    <stableDownloadICS>http://faux.androidro.ms/t0ltetmo/ics/</stableDownloadICS>
    <stableDownloadJB41>http://faux.androidro.ms/t0ltetmo/jb41/</stableDownloadJB41>
    <stableDownloadJB42>http://faux.androidro.ms/t0ltetmo/jb42/</stableDownloadJB42>
    <numOfVisibleDownloads>2</numOfVisibleDownloads>
  </com.teamkang.fauxclock.manager.DeviceSupport>
    
  <com.teamkang.fauxclock.manager.DeviceSupport>
    <betaDownloadURL>http://faux.androidro.ms/SGH-T989/beta/</betaDownloadURL>
    <changeLogName>changelog.txt</changeLogName>
    <deviceID>SGH-T989</deviceID>
    <donationURL>http://goo.gl/m9EUw0</donationURL>
    <stableDownloadJB43>http://faux.androidro.ms/SGH-T989/jb43/</stableDownloadJB43>
    <primarySupportForumURL>http://forum.xda-developers.com/showthread.php?t=1372690</primarySupportForumURL>
    <secondarySupportForumURL>http://rootzwiki.com/topic/10953-hercules-ics3046oc173ghzgpu-ocotguvslqbblnoct-13/</secondarySupportForumURL>
    <similarDevice1>SGH-T989</similarDevice1>
    <similarDevice2></similarDevice2>
    <similarDevice3></similarDevice3>
    <similarDevice4></similarDevice4>
    <similarDevice5></similarDevice5>
    <stableDownloadICS>http://faux.androidro.ms/SGH-T989/ics/</stableDownloadICS>
    <stableDownloadJB41>http://faux.androidro.ms/SGH-T989/jb41/</stableDownloadJB41>
    <stableDownloadJB42>http://faux.androidro.ms/SGH-T989/jb42/</stableDownloadJB42>
    <numOfVisibleDownloads>1</numOfVisibleDownloads>
  </com.teamkang.fauxclock.manager.DeviceSupport>
    
  <com.teamkang.fauxclock.manager.DeviceSupport>
    <betaDownloadURL>http://faux.androidro.ms/endeavoru/beta/</betaDownloadURL>
    <changeLogName>changelog.txt</changeLogName>
    <deviceID>endeavoru</deviceID>
    <donationURL>http://goo.gl/m9EUw0</donationURL>
    <stableDownloadJB43>http://faux.androidro.ms/endeavoru/jb43/</stableDownloadJB43>
    <primarySupportForumURL>http://forum.xda-developers.com/showthread.php?t=1647993</primarySupportForumURL>
    <secondarySupportForumURL>http://rootzwiki.com/topic/25336-kernel-011-hybrid-one-x-sense-40-dvfs-uv-controlcpu-glpavpemc-oct-12/</secondarySupportForumURL>
    <similarDevice1>endeavoru</similarDevice1>
    <similarDevice2></similarDevice2>
    <similarDevice3></similarDevice3>
    <similarDevice4></similarDevice4>
    <similarDevice5></similarDevice5>
    <stableDownloadICS>http://faux.androidro.ms/endeavoru/ics/</stableDownloadICS>
    <stableDownloadJB41>http://faux.androidro.ms/endeavoru/jb41/</stableDownloadJB41>
    <stableDownloadJB42>http://faux.androidro.ms/endeavoru/jb42/</stableDownloadJB42>
    <numOfVisibleDownloads>3</numOfVisibleDownloads>
  </com.teamkang.fauxclock.manager.DeviceSupport>

  <com.teamkang.fauxclock.manager.DeviceSupport>
    <betaDownloadURL>http://faux.androidro.ms/ruby/beta/</betaDownloadURL>
    <changeLogName>changelog.txt</changeLogName>
    <deviceID>ruby</deviceID>
    <donationURL>http://goo.gl/m9EUw0</donationURL>
    <stableDownloadJB43>http://faux.androidro.ms/ruby/jb43/</stableDownloadJB43>
    <primarySupportForumURL>http://forum.xda-developers.com/showthread.php?t=1359951</primarySupportForumURL>
    <secondarySupportForumURL>http://rootzwiki.com/topic/30655-kernelamaze-ics022oc173intellidemandv3uvcifsutf-8power-savingsep-25/</secondarySupportForumURL>
    <similarDevice1>ruby</similarDevice1>
    <similarDevice2></similarDevice2>
    <similarDevice3></similarDevice3>
    <similarDevice4></similarDevice4>
    <similarDevice5></similarDevice5>
    <stableDownloadICS>http://faux.androidro.ms/ruby/ics/</stableDownloadICS>
    <stableDownloadJB41>http://faux.androidro.ms/ruby/jb41/</stableDownloadJB41>
    <stableDownloadJB42>http://faux.androidro.ms/ruby/jb42/</stableDownloadJB42>
    <numOfVisibleDownloads>1</numOfVisibleDownloads>
  </com.teamkang.fauxclock.manager.DeviceSupport>
  
  <com.teamkang.fauxclock.manager.DeviceSupport>
    <betaDownloadURL>http://faux.androidro.ms/pyramid/beta/</betaDownloadURL>
    <changeLogName>changelog.txt</changeLogName>
    <deviceID>pyramid</deviceID>
    <donationURL>http://goo.gl/m9EUw0</donationURL>
    <stableDownloadJB43>http://faux.androidro.ms/pyramid/jb43/</stableDownloadJB43>
    <primarySupportForumURL>http://forum.xda-developers.com/showthread.php?t=1216197</primarySupportForumURL>
    <secondarySupportForumURL>http://rootzwiki.com/topic/2527-sensation-icsv009gpucpu-oc173ghzuvintellidemandpower-savingsep-06/</secondarySupportForumURL>
    <similarDevice1>pyramid</similarDevice1>
    <similarDevice2></similarDevice2>
    <similarDevice3></similarDevice3>
    <similarDevice4></similarDevice4>
    <similarDevice5></similarDevice5>
    <stableDownloadICS>http://faux.androidro.ms/pyramid/ics/</stableDownloadICS>
    <stableDownloadJB41>http://faux.androidro.ms/pyramid/jb41/</stableDownloadJB41>
    <stableDownloadJB42>http://faux.androidro.ms/pyramid/jb42/</stableDownloadJB42>
    <numOfVisibleDownloads>1</numOfVisibleDownloads>
  </com.teamkang.fauxclock.manager.DeviceSupport>
  
  <com.teamkang.fauxclock.manager.DeviceSupport>
    <betaDownloadURL>http://faux.androidro.ms/d2vzw/beta/</betaDownloadURL>
    <changeLogName>changelog.txt</changeLogName>
    <deviceID>d2vzw</deviceID>
    <donationURL>http://goo.gl/m9EUw0</donationURL>
    <stableDownloadJB43>http://faux.androidro.ms/d2vzw/jb43/</stableDownloadJB43>
    <primarySupportForumURL>http://forum.xda-developers.com/showthread.php?t=1785472</primarySupportForumURL>
    <secondarySupportForumURL>http://rootzwiki.com/topic/29720-d2-vzwtmoatt-icsjb-linux-3046kernel-for-aospaokpcm910-romsoct-15/</secondarySupportForumURL>
    <similarDevice1>d2vzw</similarDevice1>
    <similarDevice2></similarDevice2>
    <similarDevice3></similarDevice3>
    <similarDevice4></similarDevice4>
    <similarDevice5></similarDevice5>
    <stableDownloadICS>http://faux.androidro.ms/d2vzw/ics/</stableDownloadICS>
    <stableDownloadJB41>http://faux.androidro.ms/d2vzw/jb41/</stableDownloadJB41>
    <stableDownloadJB42>http://faux.androidro.ms/d2vzw/jb42/</stableDownloadJB42>
    <numOfVisibleDownloads>2</numOfVisibleDownloads>
  </com.teamkang.fauxclock.manager.DeviceSupport>
  
  <com.teamkang.fauxclock.manager.DeviceSupport>
    <betaDownloadURL>http://faux.androidro.ms/d2tmo/beta/</betaDownloadURL>
    <changeLogName>changelog.txt</changeLogName>
    <deviceID>d2tmo</deviceID>
    <donationURL>http://goo.gl/m9EUw0</donationURL>
    <stableDownloadJB43>http://faux.androidro.ms/d2tmo/jb43/</stableDownloadJB43>
    <primarySupportForumURL>http://forum.xda-developers.com/showthread.php?t=1785472</primarySupportForumURL>
    <secondarySupportForumURL>http://rootzwiki.com/topic/29720-d2-vzwtmoatt-icsjb-linux-3046kernel-for-aospaokpcm910-romsoct-15/</secondarySupportForumURL>
    <similarDevice1>d2tmo</similarDevice1>
    <similarDevice2>d2att</similarDevice2>
    <similarDevice3></similarDevice3>
    <similarDevice4></similarDevice4>
    <similarDevice5></similarDevice5>
    <stableDownloadICS>http://faux.androidro.ms/d2tmo/ics/</stableDownloadICS>
    <stableDownloadJB41>http://faux.androidro.ms/d2tmo/jb41/</stableDownloadJB41>
    <stableDownloadJB42>http://faux.androidro.ms/d2tmo/jb42/</stableDownloadJB42>
    <numOfVisibleDownloads>2</numOfVisibleDownloads>
  </com.teamkang.fauxclock.manager.DeviceSupport>
  
  <com.teamkang.fauxclock.manager.DeviceSupport>
    <betaDownloadURL>http://faux.androidro.ms/tuna/beta/</betaDownloadURL>
    <changeLogName>changelog.txt</changeLogName>
    <deviceID>tuna</deviceID>
    <donationURL>http://goo.gl/m9EUw0</donationURL>
    <stableDownloadJB43>http://faux.androidro.ms/tuna/jb43/</stableDownloadJB43>
    <primarySupportForumURL>http://forum.xda-developers.com/showthread.php?t=1414850</primarySupportForumURL>
    <secondarySupportForumURL>http://rootzwiki.com/topic/11552-gn-gsmhybrid-3045jbpre-uvoctuncifsotgfiopsv022oct-10/</secondarySupportForumURL>
    <similarDevice1>maguro</similarDevice1>
    <similarDevice2>toro</similarDevice2>
    <similarDevice3>toroplus</similarDevice3>
    <similarDevice4></similarDevice4>
    <similarDevice5></similarDevice5>
    <stableDownloadICS>http://faux.androidro.ms/tuna/ics/</stableDownloadICS>
    <stableDownloadJB41>http://faux.androidro.ms/tuna/jb41/</stableDownloadJB41>
    <stableDownloadJB42>http://faux.androidro.ms/tuna/jb42/</stableDownloadJB42>
    <numOfVisibleDownloads>2</numOfVisibleDownloads>
  </com.teamkang.fauxclock.manager.DeviceSupport>
  
  <com.teamkang.fauxclock.manager.DeviceSupport>
    <betaDownloadURL>http://faux.androidro.ms/grouper/beta/</betaDownloadURL>
    <changeLogName>changelog.txt</changeLogName>
    <deviceID>grouper</deviceID>
    <donationURL>http://goo.gl/m9EUw0</donationURL>
    <stableDownloadJB43>http://faux.androidro.ms/grouper/jb43/</stableDownloadJB43>
    <primarySupportForumURL>http://forum.xda-developers.com/showthread.php?t=1804374</primarySupportForumURL>
    <secondarySupportForumURL>http://rootzwiki.com/topic/31344-kernel011ap33160ghz-quaduvcifsutf-8powerhallinux-3x-hybridsep-25/</secondarySupportForumURL>
    <similarDevice1>grouper</similarDevice1>
    <similarDevice2>tilapia</similarDevice2>
    <similarDevice3></similarDevice3>
    <similarDevice4></similarDevice4>
    <similarDevice5></similarDevice5>
    <stableDownloadICS>http://faux.androidro.ms/grouper/ics/</stableDownloadICS>
    <stableDownloadJB41>http://faux.androidro.ms/grouper/jb41/</stableDownloadJB41>
    <stableDownloadJB42>http://faux.androidro.ms/grouper/jb42/</stableDownloadJB42>
    <numOfVisibleDownloads>3</numOfVisibleDownloads>
  </com.teamkang.fauxclock.manager.DeviceSupport>
  
  <com.teamkang.fauxclock.manager.DeviceSupport>
    <betaDownloadURL>http://mbqonxda.net/Anarkia1976/Kernels/Mako/ak-faux-exp/</betaDownloadURL>
    <changeLogName>changelog.txt</changeLogName>
    <deviceID>AK</deviceID>
    <donationURL>http://goo.gl/WlckBb</donationURL>
    <stableDownloadJB43>http://mbqonxda.net/Anarkia1976/Kernels/Mako/ak-faux-4.3/</stableDownloadJB43>
    <primarySupportForumURL>http://forum.xda-developers.com/showthread.php?t=2342175</primarySupportForumURL>
    <secondarySupportForumURL>http://droid-hive.com/index.php?/forum/355-ak-kernel-development/</secondarySupportForumURL>
    <similarDevice1>mako</similarDevice1>
    <similarDevice2></similarDevice2>
    <similarDevice3></similarDevice3>
    <similarDevice4></similarDevice4>
    <similarDevice5></similarDevice5>
    <stableDownloadICS></stableDownloadICS>
    <stableDownloadJB41></stableDownloadJB41>
    <stableDownloadJB42>http://mbqonxda.net/Anarkia1976/Kernels/Mako/ak-faux-4.2/</stableDownloadJB42>
    <numOfVisibleDownloads>3</numOfVisibleDownloads>
  </com.teamkang.fauxclock.manager.DeviceSupport>
</list>
